{
  "미국": {
    "한국": 1379.70,
    "미국": 1,
    "베트남": 20000,
    "일본": 160.74,
    "몽골": 3361.95,
    "unit": "($)달러"
  },
  "한국": {
    "한국": 1,
    "미국": 0.00072,
    "베트남": 18.42,
    "일본": 0.11645,
    "몽골": 2.439,
    "unit": "(₩)원"
  },
  "일본": {
    "한국": 8.59,
    "미국": 0.000044,
    "베트남": 158.19,
    "일본": 1,
    "몽골": 20.9471,
    "unit": "(¥)엔"
  },
  "베트남": {
    "한국": 0.052,
    "미국": 0.000044,
    "베트남": 1,
    "일본": 0.0063,
    "몽골": 0.13,
    "unit": "(₫)동"
  },
  "몽골": {
    "한국": 0.41,
    "미국": 0.0003,
    "베트남": 0.00004,
    "일본": 0.05,
    "몽골": 1,
    "unit": "(₮)투그릭"
  }
}
